Julian Romaniak,Android 3.2,wojniakgrzegorz@fpuh.com,+48 787 633 223
Isabel Weinhold,Android 1.5,gehringeringa@scholl.com,579 560 642
Mohammed Süßebier,Android 2.2,pechelbirthe@zorbach.com,(03637) 299790
Borys Gietka,Android 2.3.1,hfaust@juettner.org,+48 514 987 645
Katalin Werner,Android 2.1,gajawinnik@gabinety.com,04818766690
Kristin Hänel,Android 4.1,lesnyangelika@gryszkiewicz.pl,22 550 52 70
pan Mateusz Sędek,Android 8.1.0,fetzold@hertrampf.net,698 299 063
Nataniel Ciastek,Android 2.2,dameksandra@fpuh.org,512 961 001
Nick Säuberlich MBA.,Android 2.1,ernestsporysz@linkiewicz-adamow.com,+49(0) 581940811
pan Jan Bubak,Android 2.2.2,benediktnohlmans@renner.com,577 261 666
Olaf Widuch,Android 12,klaus-peterbecker@pohl.net,0002122505
Dagobert Cichorius,Android 1.1,tomaszzygmuntowicz@stowarzyszenie.net,781 372 534
Olaf Tołoczko,Android 5.0.2,aleksanderwaloszczyk@spoldzielnia.pl,889 873 361
Ing. Ottilie Pärtzelt B.Sc.,Android 3.2.3,gwinkler@scheibe.de,+49(0) 353920946
Uschi Boucsein,Android 4.1.2,pawelgrabon@fpuh.pl,+48 22 721 33 38
Monica Dobes B.A.,Android 2.3,anita48@stowarzyszenie.com,(02365) 44256
Bernward Junck,Android 4.4.2,heinz-guenter28@hahn.de,+48 780 729 622
Róża Nikołajuk,Android 9,mariuszdamek@spoldzielnia.com,+48 691 654 592
Prof. Reinhold Rogge,Android 12,jozefkrzan@fpuh.com,+49(0)0506411795
Kornel Halama,Android 7.1,claus-peter18@huhn.de,+49 (0) 7135 381256
Rafał Szczudło,Android 4.0.1,xsalawa@grupa.com,+49(0)4004995602
Konrad Kornak,Android 1.5,agnieszka75@lepek-pyszka.pl,+48 506 033 537
pan Artur Kryszkiewicz,Android 4.2,aniela31@fpuh.com,03979 44668
Marek Jonczyk,Android 12.1,skarczmarek@spoldzielnia.pl,06757016154
pani Natasza Magryta,Android 1.0,schwitalelse@lange.com,+48 696 572 643
Hagen Rosemann B.Eng.,Android 2.3,witold34@roehrdanz.com,22 461 35 09
pan Natan Węgrzyk,Android 3.2.5,peer88@carsten.de,669 861 606
pani Adrianna Pusz,Android 4.2.2,frederik33@schaaf.de,+48 502 067 012
Miguel Fliegner,Android 2.3.4,oestrovskyesther@preiss.com,00142 88230
Ida Bruder,Android 3.1,vstasica@grupa.pl,(03954) 834931
Thaddäus Birnbaum-Weinhage,Android 3.2.1,baumhans-detlef@nohlmans.net,(03581) 81126
pani Ewa Mateusiak,Android 4.2,hoelzenbecherdragica@mies.com,+49(0) 210906065
Moritz Preiß B.Sc.,Android 12.1,heinfriedstumpf@junck.de,881 147 783
Elfriede Stadelmann,Android 9,fischerbogdan@hess.de,08351797793
Thilo Eigenwillig,Android 4.1,patriceberhardt@wieloch.net,509 902 181
Dolores Fischer,Android 7.1,reinhild84@vogt.net,(05397) 667109
Maksymilian Łapot,Android 4.0.1,andreekaul@stiffel.com,08978 58443
Emilie Albers B.A.,Android 2.0,dimitri00@bohlander.org,+49(0) 551375411
Angelika Trznadel,Android 4.4,siegrun30@pieper.com,04406 23182
Wenzel Holzapfel B.Eng.,Android 4.2,krauswigbert@dobes.net,532 364 089
Charles Warmer,Android 2.3,therdzik@stowarzyszenie.com,+49(0)1119 66762
pani Malwina Obarzanek,Android 8.1.0,naserliselotte@reichmann.de,+48 32 532 46 35
Natan Siciarz,Android 4.0.2,maroszaleks@grupa.net,0711168693
Natasza Lesiewicz,Android 4.4.2,bolzmannvolkmar@bauer.de,669 737 648
Niels Heß,Android 3.2.2,rebecca94@mosemann.de,+48 600 336 345
Ferenc Eberth B.A.,Android 8.0.0,sylvanabeckmann@mueller.net,+48 606 090 033
Klara Hecker B.A.,Android 2.2.1,malyszkafilip@anton-slupek.pl,+48 609 069 294
Tobiasz Kośka,Android 6.0.1,swierkotstanislaw@fpuh.pl,+49 (0) 6764 655444
Gaja Tomys,Android 4.1.2,rladeck@seifert.com,572 107 698
David Krein,Android 3.2.6,angelaschlosser@doering.de,07879 762497
Ewa Kuropatwa,Android 3.2.4,gerlachnikolas@henck.com,606 236 877
Jan Gomuła,Android 3.2.4,ingegroettner@margraf.org,+48 504 063 500
Agnieszka Byra,Android 3.0,pielachemil@spoldzielnia.com,577 661 776
Tadeusz Niemeier,Android 2.1,dhalik@fundacja.pl,0190275793
Canan Knappe,Android 3.2.3,judith76@junk.de,+48 737 087 102
Imke Junken,Android 7.1.1,torsten72@kaul.net,+48 516 307 541
Käthe Hellwig-Junck,Android 14,cfilek@zolna-jakubaszek.com,693 338 380
Dominik Baś,Android 7.1.1,estherloewer@niemeier.com,+49(0)0259044456
Sarah Kallert B.Sc.,Android 6.0,hansjoachim21@juettner.net,+48 780 415 503
Rolf-Dieter Bender-Briemer,Android 2.3.5,pmichel@strzelczak-oszust.pl,+48 510 541 771
Maciej Szkoła,Android 4.1.2,sigfriedweinhage@jopich.org,+48 516 848 057
Gaja Kulisz,Android 3.2.2,edgarkramer@adler.com,+48 575 235 060
Dipl.-Ing. Nadia Knappe,Android 4.1.2,urszuladzierwa@filas-kulon.pl,+49(0)3064318490
Dipl.-Ing. Erwin Kensy,Android 5.0,rmans@textor.com,+48 575 388 689
Mariusz Miksza,Android 5.0.2,cbaldys@spoldzielnia.org,799 731 449
Frau Erica Scholtz,Android 14,soenke50@klemm.de,692 178 586
Svenja Austermühle,Android 4.4.2,csteckel@wagner.de,603 927 777
Jacqueline Stahr,Android 7.1.2,justyna34@fpuh.com,+48 513 519 147
pan Iwo Konieczek,Android 3.2.2,gaja72@ppuh.com,+49(0)9350280412
Silvia Bonbach B.A.,Android 10,emil79@saluda-sularz.org,+48 887 820 888
pan Olaf Cuch,Android 1.1,maciej62@galos.pl,883 797 024
Rozalia Dorobisz,Android 4.4.4,rszwaj@fundacja.pl,783 512 963
Paweł Stelmasiak,Android 4.1.2,kielbikaleksander@pesta-paprotny.net,09763523834
Ruben Budig,Android 3.0,gkazberuk@sojda-kochel.com,+49(0) 775756113
Ing. Branko Fritsch B.Sc.,Android 1.6,nschleich@etzler.com,(00554) 830146
Apolonia Wolan,Android 3.2.6,klaudiahettner@hertrampf.org,0295096040
Maks Komisarczyk,Android 4.0.2,jbanak@ciecko.com,32 051 29 85
pan Witold Smolka,Android 4.4.1,rschulz@gute.com,+48 570 606 855
Hansjoachim Naser,Android 8.0.0,wgabara@laszuk.net,(04767) 89381
Erika Henk,Android 8.1.0,rozewiczlukasz@fpuh.com,729 262 636
Bruno Bzymek,Android 2.3.3,annemarieschuchhardt@kohl.net,799 779 193
Marika Wincenciak,Android 5.1.1,mijo06@mielcarek.org,+49(0) 656073944
Sara Faltyn,Android 4.4,frankeklaudia@wilmsen.com,(04811) 965500
Herr Paul-Heinz Hornich MBA.,Android 2.2.2,urogge@stumpf.de,732 940 644
Danilo Koch,Android 6.0.1,fmarciniszyn@szumna.pl,+49 (0) 3148 778932
Marek Kowaluk,Android 2.3.7,gmilej@ppuh.com,+49(0) 910901014
Hannes Wiek,Android 1.1,marcin58@grupa.org,(06462) 299735
pan Tymon Blaut,Android 4.1,sylwiakaul@striebitz.de,+49(0) 016817447
Blanka Döhn,Android 4.2.2,jakub73@ppuh.com,+48 602 358 879
Detlev Hauffer,Android 4.4.4,sebastian52@gabinety.pl,03578061502
Nancy Gute,Android 4.1.1,yfurga@bryczek.net,22 819 49 34
pan Olaf Kukawka,Android 1.6,nadia00@kreusel.com,732 134 717
Karina Łudzik,Android 1.6,solekfryderyk@domzal-wendt.pl,532 507 323
Moritz Börner,Android 4.1.1,zoksara@gabinety.com,+49 (0) 7447 583617
Fredi Radisch-Oderwald,Android 7.1.1,kuziawiktor@bogus.com,06891 833758
Robert Mały,Android 4.4,handealwina@davids.com,(04565) 43443
Thoralf Mülichen,Android 3.0,ewa10@stowarzyszenie.com,+49(0) 302914567
Ignacy Jędruszczak,Android 4.0.4,mwojtaszczyk@spoldzielnia.com,793 160 437
Ida Wawrzynkiewicz,Android 3.0,zaenkereugenia@henck.de,01657 20893
Apolonia Dąbkiewicz,Android 5.0.1,mitschkejonathan@haering.com,+48 883 381 890
pani Liwia Trybus,Android 1.1,sosniakpiotr@fundacja.com,07010867864
Dipl.-Ing. Domenico Holsten B.Eng.,Android 12,xjunk@benthin.de,539 897 695
Christos Eimer B.A.,Android 7.1.1,janinethanel@zaenker.de,00947 346732
pan Stefan Gogola,Android 13,wojtynamaciej@augustynek-pioch.pl,09131741508
Prof. Fred Caspar,Android 4.3,meinhardsteckel@noack.de,09394917283
Alina Weimer B.Sc.,Android 3.2.6,stanislaw34@szybiak-bus.pl,+48 728 483 196
Gerwin Henk,Android 2.3,eoderwald@haering.com,600 659 266
Cordula Austermühle,Android 5.1.1,uwitko@fundacja.pl,+49(0)4424137036
pani Malwina Prokurat,Android 3.2.5,kwapissandra@fundacja.pl,699 428 593
Rüdiger Hellwig,Android 4.4.4,soniasasiadek@dobrosz.org,+49(0)0834 30054
Herr Zeljko Weihmann,Android 2.1,peukertgeraldine@aumann.com,0383946021
Burckhard Lübs,Android 3.2.2,stolzesahin@barkholz.org,+48 733 943 935
Stefan Gilewicz,Android 4.0.3,pawlukiewiczpatryk@gula-pasiut.pl,+48 668 779 793
Bernhardine Radisch,Android 2.2,wojciech69@fpuh.com,+48 734 624 982
Apolonia Dziwak,Android 2.1,fryderyk84@grupa.pl,+48 736 001 117
Konstanty Oleksak,Android 2.2.2,urszula33@fpuh.com,04476 47368
Friedrich-Wilhelm Nette,Android 2.2.1,wagnerfredi@beer.com,32 379 81 49
Valerie Förster-Hein,Android 4.3,jakub26@ppuh.com,+49 (0) 8182 142751
Dipl.-Ing. Irmela Hölzenbecher,Android 4.4.1,schlossermelita@wieloch.net,734 663 403
Maks Andziak,Android 2.2.2,igormortka@buszko-golota.net,+48 571 387 813
Annett Stey-Ziegert,Android 4.3.1,bryjarobert@grupa.com,+49(0) 672626447
Sebastian Krzysiek,Android 3.1,mareike78@zorbach.net,(08817) 46668
Julian Dyrek,Android 4.2,lilli47@roskoth.de,797 671 408
Radmila Ackermann,Android 11,dgute@otto.de,+48 784 395 768
Emil Tecław,Android 4.0.1,rozamuskala@fundacja.org,09451 593115
Katerina Eigenwillig,Android 13,jedrzej79@ppuh.com,+49 (0) 5368 483439
Dipl.-Ing. Jose Briemer,Android 8.0.0,radoslawmlodzik@jarczak.org,08546 429495
Dorothea Jockel,Android 4.0.2,szybaandrzej@kusa.com,+48 606 441 271
Mandy Pölitz-Krein,Android 2.3.3,nswies@dziurdzia-golak.org,+48 694 104 710
Apolonia Wujec,Android 3.1,edithameyer@langern.org,606 591 438
Maurycy Hynek,Android 3.2.5,ewasuessebier@baerer.com,+49(0)3431 94995
Dr. Darius Löffler,Android 12.1,tpyc@stowarzyszenie.pl,+48 508 783 500
Bernhard Kusch,Android 5.1.1,lzbrzezniak@stowarzyszenie.com,+49(0)9891432694
Dawid Cygal,Android 4.4.1,andrea79@doering.de,+49(0)8025514537
Kazimierz Tokarek,Android 5.0.2,hans-juergen45@tschentscher.de,(08740) 073019
Ryszard Bronka,Android 5.0.1,sabinezobel@wieloch.net,02099 660899
Ewa Jeżyk,Android 4.1.2,olgierdwiese@gabinety.pl,+49 (0) 5928 540398
Ignacy Ślebioda,Android 4.4.4,misiaszekborys@ppuh.com,534 752 115
Elżbieta Wałęsa,Android 3.2.6,stempeljan@jaje.com,04591 68912
Dr. Janko Hermann MBA.,Android 2.3.4,wojciechragus@faltyn-maron.com,+49 (0) 6090 632281
Aleksander Kusek,Android 13,oschoenland@reichmann.de,+49 (0) 2417 441698
Roland Mies,Android 2.2.3,eduard41@weller.net,08075115244
pani Nicole Wlaźlak,Android 4.4,bszymonik@fpuh.net,737 369 648
Prof. Hans-Detlef Stiebitz,Android 2.3.5,crenner@neuschaefer.net,(04299) 827910
Uta Klapp,Android 4.1.1,fwulf@eigenwillig.com,09700 65331
Marcin Urynowicz,Android 4.2.2,brigitta99@kranz.org,0102207248
Brigitta Bärer,Android 2.3.4,farynamaciej@grupa.com,+48 32 449 86 90
Dipl.-Ing. Justina Haering,Android 2.2.1,loewerlene@beckmann.de,0340950099
Konrad Brzykcy,Android 6.0,ukala@spoldzielnia.org,791 516 586
Błażej Welenc,Android 1.1,schollhelmtrud@patberg.de,(05478) 938758
Patryk Nojek,Android 4.0.4,mariannasiedlaczek@duzy-trojanowicz.com,05622 929389
Ernest Piekart,Android 5.0.2,fheinz@kaester.com,+48 694 084 882
Emanuel Hövel,Android 2.3.4,wbachmann@kramer.de,0109336497
Kazimierz Skiepko,Android 2.1,heidrichbjoern@butte.de,+49 (0) 4778 351071
Nadja Birnbaum,Android 4.4.2,hanspeter05@vollbrecht.org,+49(0) 523957389
Dipl.-Ing. Hansjörg Säuberlich B.Eng.,Android 4.1,ciesielkamieszko@gabinety.net,+48 579 745 710
Svenja Ritter,Android 4.1.1,ryszard13@zbrozek.com,(09419) 52955
Herr Orhan Loos,Android 2.0,sbutte@hoffmann.com,0734854195
Leszek Schlosser B.Eng.,Android 4.1,kaja61@stowarzyszenie.pl,(03988) 903015
Ing. Ismail Geißler B.Sc.,Android 5.0.1,lidiathanel@drewes.com,01983 370166
Heinz-Günter Hentschel,Android 4.3,hans-wilhelmroht@mosemann.de,+49 (0) 4546 983829
Krystyna Długajczyk,Android 1.6,kuzioranita@ppuh.pl,+49(0)0867915181
Max Wiek B.A.,Android 4.0.4,mikolajsosnowka@heba-bzdega.net,882 797 800
Ludmila Lachmann,Android 4.1,klingelhoefercemil@scheel.de,504 007 335
Frau Nadia Gröttner,Android 3.1,damianrogula@rusnak.com,+48 538 416 935
Constantin Haase,Android 4.0.4,natanielputek@gabinety.com,09315 05201
Liesbeth Zirme-Mentzel,Android 4.1.2,natasza79@spoldzielnia.org,+49(0) 562542358
Hanife Pohl-Reising,Android 12.1,tubysz@grupa.com,0721753916
Gundula Heydrich,Android 2.0,katyheser@otto.net,+49 (0) 0272 776660
pani Anna Maria Lukas,Android 3.2.6,susann15@hecker.com,504 618 191
pani Sylwia Lenik,Android 4.4.3,sebastian63@kowala.pl,608 172 991
pan Szymon Gromala,Android 14,roksanajedrasiak@fundacja.pl,22 422 46 70
Dipl.-Ing. Albina Fritsch,Android 4.2.2,tillyhornich@mans.com,+48 535 938 101
Hasan Lachmann-Junk,Android 5.1.1,marek25@stochmal-kubasiewicz.pl,0311538441
Anita Szczudło,Android 1.0,simonwojciech@gabinety.pl,+49(0)9941 70989
Friederike Gute,Android 5.0.1,julianna76@gabinety.org,(00261) 951591
Inga Dehmel,Android 3.2.4,speersylvie@flantz.net,727 750 924
Eliza Świgoń,Android 2.3.7,jakob67@etzold.com,04679 247286
Francoise Becker MBA.,Android 8.0.0,pnette@krein.com,694 938 989
Nikola Pölitz,Android 1.0,claus34@schmidtke.com,+48 661 581 230
Jędrzej Karwala,Android 5.1,janina44@ragan.pl,01647 913135
Herr Reinhart Tschentscher MBA.,Android 7.1,czbrog@ppuh.com,+48 666 387 434
pani Lidia Karaśkiewicz,Android 12,majakrozalia@ppuh.com,0643507377
Engin Täsche,Android 4.4.4,gschleich@klapp.net,(08479) 036608
Norbert Brózda,Android 2.2.2,rzucidloanastazja@fpuh.net,32 029 81 14
Mariechen Birnbaum,Android 3.2,ggajzler@stowarzyszenie.com,789 151 071
Burckhard Barkholz B.Sc.,Android 4.1,glaziksandra@wojtaszak.pl,+48 736 944 786
Gabriella Anders,Android 2.3.6,georgine74@soeding.de,571 304 218
Dr. Silvio Koch II,Android 2.3.5,karina33@woloszczuk-gregorowicz.com,+49(0)8419 33262
Anna Maria Kozdrój,Android 2.3.7,inga55@kontny-gmurczyk.com,+49 (0) 5795 396147
pan Norbert Zapadka,Android 2.3,rgarncarek@spoldzielnia.com,02504 29058
Dipl.-Ing. Francisco Buchholz,Android 4.2.2,jlyskawa@grupa.com,+48 793 116 575
Günter Etzler,Android 5.0,iharloff@trueb.com,509 767 457
Klara Ciesielczyk,Android 11,gawlowiczjedrzej@kulon-glanc.com,+49(0)6937914145
Claus-Peter Warmer,Android 3.2.3,justynalistwan@grupa.pl,+48 32 562 27 37
Margita Girschner-Gutknecht,Android 4.1.2,sadlocharadoslaw@saj-danisz.com,+48 883 399 919
Igor Buszko,Android 5.1.1,gabrielcieciura@taranek.pl,32 009 44 77
Anastazja Janiuk,Android 3.2.6,rafalwaloch@gosz-zietal.net,03578777399
Ignacy Bednarowicz,Android 6.0.1,ssoelzer@kusch.org,08053 00985
Zdenka Henck,Android 2.3.1,friederwulff@stiffel.org,603 908 445
